team_id,team_name,skills
1,Team A,confluence leadership laravel
2,Team B,gitlab team collaboration vmware
3,Team C,prometheus mlops iot
4,Team D,penetration testing vpn version control
5,Team E,logging arduino prometheus
6,Team F,cloud architecture computer vision express
7,Team G,docker ethical hacking load balancing
8,Team H,webpack software engineering slack
9,Team I,data modeling frontend functional programming
10,Team J,pandas cad modeling code review
11,Team K,app store asp.net system monitoring
12,Team L,snowflake xcode industrial automation
13,Team M,pandas git ui
14,Team N,application security route53 frontend
15,Team O,kotlin generative ai pandas
16,Team P,information security github mobile security
17,Team Q,devops keras eclipse
18,Team R,prometheus bash team collaboration
19,Team S,docker desktop code review power bi
20,Team T,ids network security excel
21,Team U,bitbucket cloud storage c++
22,Team V,s3 chatbot electronics
23,Team W,cross-browser testing typescript functional programming
24,Team X,android studio laravel visual studio
25,Team Y,team collaboration zero trust data preprocessing
26,Team Z,embedded systems mobile testing routing
27,Team [,industrial automation nextjs route53
28,Team \,frontend tensorflow statistics
29,Team ],feature engineering plc svelte
30,Team ^,kotlin langchain project management
31,Team _,neural networks routing cross-browser testing
32,Team `,powershell ips typescript
33,Team a,c pycharm datadog
34,Team b,kafka serverless bootstrap
35,Team c,tls leadership android studio
36,Team d,embedded systems design data analysis
37,Team e,data lakes gitlab ci chatbot
38,Team f,github graphql cad modeling
39,Team g,centos javascript presentation
40,Team h,s3 scikit-learn data visualization
41,Team i,cad modeling app store miro
42,Team j,solidworks r team collaboration
43,Team k,arduino logging centos
44,Team l,dns tdd xcode
45,Team m,infrastructure as code route53 ai ethics
46,Team n,supervised learning swift php
47,Team o,robotics transfer learning bdd
48,Team p,agile system monitoring dart
49,Team q,proxmox routing ec2
50,Team r,data bitbucket nlp
51,Team s,github numpy statistics
52,Team t,raspberry pi kotlin big data
53,Team u,unit testing windows server hyperparameter tuning
54,Team v,version control kanban release management
55,Team w,cloud architecture python model deployment
56,Team x,load balancing recommendation systems postman
57,Team y,ruby database laravel
58,Team z,excel ethical hacking soc
59,Team {,cypress gcp tailwind
60,Team |,matlab innovation ec2
61,Team },macos troubleshooting scikit-learn
62,Team ~,kotlin notion ssl
63,Team ,cypress data lakehouse prometheus
64,Team ,routing s3 troubleshooting
65,Team ,redux matplotlib pair programming
66,Team ,html siem communication systems
67,Team ,nestjs api development eclipse
68,Team ,statistics typescript python
69,Team ,problem solving cloud load balancing
70,Team ,centos express full stack
71,Team ,data pipelines vulnerability scanning integration testing
72,Team ,cloudfront kubernetes macos
73,Team ,responsive design mobile ui ui
74,Team ,spring boot kotlin keras
75,Team ,robotics rust fastapi
76,Team ,scrum shell scripting c
77,Team ,application security classification ui
78,Team ,zero trust scada webpack
79,Team ,kafka java (android) bash scripting
80,Team ,cloud dhcp etl
81,Team ,fastapi speech recognition react native
82,Team ,critical thinking ruby visual studio
83,Team ,industrial automation macos firewall
84,Team ,pandas artifact registry tcp/ip
85,Team ,proxmox bash nodejs
86,Team ,kanban dns generative ai
87,Team ,lambda data pipelines flask
88,Team ,web performance research prometheus
89,Team ,tensorflow asp.net model deployment
90,Team ,c responsive design cloud
91,Team ,web security devops app store
92,Team ,security load balancing software architecture
93,Team ,design incident response critical thinking
94,Team ,cryptography ui in-app payments
95,Team ,route53 api development cloud architecture
96,Team  ,sass kotlin business intelligence
97,Team ¡,prometheus react native s3
98,Team ¢,linux redux api integration
99,Team £,trello backend data analysis
100,Team ¤,babel kanban system design
101,Team ¥,power bi unit testing release management
102,Team ¦,snowflake troubleshooting data labeling
103,Team §,bash design patterns fastapi
104,Team ¨,kotlin integration testing load balancing
105,Team ©,svelte time series analysis design
106,Team ª,clustering langchain scada
107,Team «,business intelligence data pipelines data
108,Team ¬,file systems notion big data
109,Team ­,firewall robotics flask
110,Team ®,xcode monday nextjs
111,Team ¯,feature engineering frontend fastapi
112,Team °,serverless plc splunk
113,Team ±,lua team collaboration frontend
114,Team ²,unit testing process management vector databases
115,Team ³,html scrum css
116,Team ´,iot postman bdd
117,Team µ,kubernetes visual studio accessibility
118,Team ¶,wireshark forensics bash scripting
119,Team ·,mechanical design model deployment vite
120,Team ¸,php perl play store
121,Team ¹,data wrangling monitoring system administration
122,Team º,ui plc innovation
123,Team »,xcode python file systems
124,Team ¼,c++ unsupervised learning lua
125,Team ½,data analysis machine learning api development
126,Team ¾,macos etl image processing
127,Team ¿,tensorflow industrial automation artifact registry
128,Team À,system monitoring full stack ansible
129,Team Á,dart gitops application security
130,Team Â,c++ supervised learning ux
131,Team Ã,app store figma critical thinking
132,Team Ä,autoML java (android) database
133,Team Å,oop cloud metasploit
134,Team Æ,routing cypress kafka
135,Team Ç,raspberry pi industrial automation git
136,Team È,sql data pipelines monitoring
137,Team É,anomaly detection grafana team collaboration
138,Team Ê,lua keras splunk
139,Team Ë,speech recognition dhcp ssl
140,Team Ì,angular php github actions
141,Team Í,scala penetration testing speech recognition
142,Team Î,c++ cloud storage model deployment
143,Team Ï,etl forensics classification
144,Team Ð,ansible pair programming vector databases
145,Team Ñ,software engineering xcode tableau
146,Team Ò,rust data governance api
147,Team Ó,electronics gcp scada
148,Team Ô,babel c# cypress
149,Team Õ,database design file systems
150,Team Ö,c# zero trust pandas
151,Team ×,cad modeling mlops mobile testing
152,Team Ø,vmware ec2 proxmox
153,Team Ù,slack ethical hacking industrial automation
154,Team Ú,azure babel monday
155,Team Û,debugging ruby route53
156,Team Ü,system design ui model deployment
157,Team Ý,c splunk vue
158,Team Þ,ui data governance intellij
159,Team ß,wireshark descriptive analytics encryption
160,Team à,automation model optimization proxmox
161,Team á,figma soc performance optimization
162,Team â,deep learning descriptive analytics security
163,Team ã,supervised learning proxmox sonarqube
164,Team ä,time series analysis r bootstrap
165,Team å,bdd elasticsearch asp.net
166,Team æ,monitoring model deployment nlp
167,Team ç,statistics php innovation
168,Team è,data pipelines openai api pandas
169,Team é,scikit-learn dns embedded systems
170,Team ê,soc git vscode
171,Team ë,postman c# proxmox
172,Team ì,intellij ubuntu ci/cd
173,Team í,transfer learning model optimization signal processing
174,Team î,statistics software architecture robotics
175,Team ï,predictive modeling incident response mocha
176,Team ð,mocha backend cad modeling
177,Team ñ,figma siem ec2
178,Team ò,system design elasticsearch gitkraken
179,Team ó,vhdl android studio terraform
180,Team ô,centos cad modeling api integration
181,Team õ,postman autoML api integration
182,Team ö,eclipse notion leadership
183,Team ÷,eclipse zero trust infrastructure as code
184,Team ø,backend zero trust mlops
185,Team ù,dart snowflake devops
186,Team ú,performance optimization docker desktop flutter
187,Team û,typescript data analysis clustering
188,Team ü,slack chatbot unit testing
189,Team ý,splunk apache spark switching
190,Team þ,prometheus eclipse mobile ui
191,Team ÿ,express vulnerability scanning github actions
192,Team Ā,model optimization data lakehouse recommendation systems
193,Team ā,scala mocha lambda
194,Team Ă,encryption data pipelines app store
195,Team ă,clustering langchain pandas
196,Team Ą,proxmox python kafka
197,Team ą,vmware grafana documentation
198,Team Ć,classification version control angular
199,Team ć,tcp/ip image processing kotlin
200,Team Ĉ,gcp project management control systems
201,Team ĉ,data gcp vscode
202,Team Ċ,penetration testing predictive modeling web performance
203,Team ċ,swift android studio model evaluation
204,Team Č,system monitoring bash jest
205,Team č,flask firebase dns
206,Team Ď,nosql mocha mobile security
207,Team ď,virtualization control systems ansible
208,Team Đ,gitlab ci design chatbot
209,Team đ,regression scala swift
210,Team Ē,pytorch ethical hacking haskell
211,Team ē,confluence miro innovation
212,Team Ĕ,in-app payments nmap push notifications
213,Team ĕ,autoML neural networks recommendation systems
214,Team Ė,version control integration testing confluence
215,Team ė,cloud file systems network architecture
216,Team Ę,data preprocessing file systems ssl
217,Team ę,azure sass supervised learning
218,Team Ě,app store computer vision intellij
219,Team ě,jira responsive design web security
220,Team Ĝ,code review kanban database
221,Team ĝ,model optimization wireshark signal processing
222,Team Ğ,numpy big data bash scripting
223,Team ğ,presentation elasticsearch haskell
224,Team Ġ,devops tensorflow go
225,Team ġ,matplotlib monday microservices
226,Team Ģ,bootstrap play store gitlab
227,Team ģ,zero trust sonarqube data wrangling
228,Team Ĥ,sql api swift
229,Team ĥ,infrastructure as code computer vision solidworks
230,Team Ħ,ai information security automation
231,Team ħ,serverless nodejs git
232,Team Ĩ,terraform microservices unit testing
233,Team ĩ,tls mlops data analysis
234,Team Ī,shell scripting ddos protection ips
235,Team ī,excel cross-browser testing babel
236,Team Ĭ,cad modeling intellij automation
237,Team ĭ,nestjs data preprocessing centos
238,Team Į,model evaluation information security graphql
239,Team į,vulnerability scanning vscode data
240,Team İ,html php terraform
241,Team ı,spring boot api development lambda
242,Team Ĳ,virtualbox eclipse new relic
243,Team ĳ,load balancing cross-browser testing keras
244,Team Ĵ,software architecture express microservices
245,Team ĵ,incident response generative ai pandas
246,Team Ķ,kotlin vite data analysis
247,Team ķ,release management matplotlib dotnet
248,Team ĸ,lua serverless devops
249,Team Ĺ,dimensionality reduction accessibility model optimization
250,Team ĺ,firebase artifact registry microservices
251,Team Ļ,responsive design apache spark signal processing
252,Team ļ,monitoring github actions tailwind
253,Team Ľ,ai ethics metasploit business intelligence
254,Team ľ,laravel cloud storage snowflake
255,Team Ŀ,unsupervised learning perl lambda
256,Team ŀ,in-app payments critical thinking clustering
257,Team Ł,elasticsearch monday control systems
258,Team ł,powershell cybersecurity tls
259,Team Ń,apache spark data analysis serverless
260,Team ń,eclipse system monitoring encryption
261,Team Ņ,unsupervised learning probability typescript
262,Team ņ,webpack microservices system administration
263,Team Ň,sql bootstrap arduino
264,Team ň,ruby angular deep learning
265,Team ŉ,typescript switching probability
266,Team Ŋ,project management network security api
267,Team ŋ,vhdl frontend cloud storage
268,Team Ō,nextjs matplotlib tableau
269,Team ō,encryption unit testing tcp/ip
270,Team Ŏ,github actions information security monitoring
271,Team ŏ,aws plc vscode
272,Team Ő,database data preprocessing infrastructure as code
273,Team ő,visual studio bash signal processing
274,Team Œ,numpy process management arduino
275,Team œ,cypress langchain unit testing
276,Team Ŕ,matplotlib datadog github
277,Team ŕ,angular data pipelines ids
278,Team Ŗ,web security cad modeling vmware
279,Team ŗ,web performance rust cron jobs
280,Team Ř,reinforcement learning penetration testing network security
281,Team ř,scada zero trust nextjs
282,Team Ś,ddos protection tcp/ip electronics
283,Team ś,scrum c jira
284,Team Ŝ,database graphql postman
285,Team ŝ,google cloud oop frontend
286,Team Ş,cloud nlp business intelligence
287,Team ş,typescript dart kubernetes
288,Team Š,leadership prometheus dhcp
289,Team š,problem solving supervised learning typescript
290,Team Ţ,gcp descriptive analytics shell scripting
291,Team ţ,bash scripting business intelligence mocha
292,Team Ť,typescript cron jobs docker desktop
293,Team ť,angular route53 data visualization
294,Team Ŧ,backend statistics new relic
295,Team ŧ,gitkraken innovation jest
296,Team Ũ,reinforcement learning websocket soc
297,Team ũ,docker keras apache spark
298,Team Ū,deep learning cad modeling load balancing
299,Team ū,api ai cron jobs
300,Team Ŭ,artifact registry mechanical design scrum
301,Team ŭ,ui load balancing soc
302,Team Ů,full stack azure documentation
303,Team ů,zero trust javascript innovation
304,Team Ű,infrastructure as code model evaluation monday
305,Team ű,svelte solidworks flask
306,Team Ų,java notion javascript
307,Team ų,perl c nmap
308,Team Ŵ,proxy servers data google cloud
309,Team ŵ,django prometheus spring boot
310,Team Ŷ,mobile security in-app payments gitops
311,Team ŷ,mlops in-app payments penetration testing
312,Team Ÿ,power bi spring boot deep learning
313,Team Ź,logging selenium virtualbox
314,Team ź,performance optimization cron jobs php
315,Team Ż,mobile security documentation data
316,Team ż,cloud storage vulnerability scanning model deployment
317,Team Ž,ddos protection routing c++
318,Team ž,data wrangling speech recognition pytorch
319,Team ſ,model deployment intellij slack
320,Team ƀ,javascript kafka load balancing
321,Team Ɓ,azure descriptive analytics data modeling
322,Team Ƃ,docker desktop virtualbox data warehousing
323,Team ƃ,perl mocha route53
324,Team Ƅ,azure security google cloud
325,Team ƅ,python anomaly detection babel
326,Team Ɔ,ux data preprocessing plc
327,Team Ƈ,vhdl datadog react native
328,Team ƈ,kotlin langchain tableau
329,Team Ɖ,predictive analytics simulation nestjs
330,Team Ɗ,load balancing nestjs predictive modeling
331,Team Ƌ,bash scripting figma vector databases
332,Team ƌ,route53 miro tailwind
333,Team ƍ,cross-browser testing cloudfront functional programming
334,Team Ǝ,predictive analytics rust web performance
335,Team Ə,selenium html security
336,Team Ɛ,data visualization predictive analytics hyperparameter tuning
337,Team Ƒ,ddos protection penetration testing recommendation systems
338,Team ƒ,iot penetration testing haskell
339,Team Ɠ,java business intelligence bootstrap
340,Team Ɣ,design patterns dotnet cross-browser testing
341,Team ƕ,centos data pipelines dart
342,Team Ɩ,routing gcp apache spark
343,Team Ɨ,unit testing bdd firewall
344,Team Ƙ,routing jest api
345,Team ƙ,bootstrap application security zero trust
346,Team ƚ,release management rust vector databases
347,Team ƛ,xcode metasploit bitbucket
348,Team Ɯ,predictive modeling data warehousing debugging
349,Team Ɲ,apache spark statistics debugging
350,Team ƞ,vpc mobile ui nlp
351,Team Ɵ,vpn research presentation
352,Team Ơ,security keras solidworks
353,Team ơ,trello kafka typescript
354,Team Ƣ,airflow cloud storage generative ai
355,Team ƣ,gcp graphql artifact registry
356,Team Ƥ,macos network architecture scikit-learn
357,Team ƥ,clustering serverless monitoring
358,Team Ʀ,chatbot grafana verilog
359,Team Ƨ,network architecture html bash
360,Team ƨ,database pair programming classification
361,Team Ʃ,graphql azure scrum
362,Team ƪ,php spring boot logging
363,Team ƫ,ubuntu terraform windows server
364,Team Ƭ,data wrangling nosql routing
365,Team ƭ,xcode hyperparameter tuning system monitoring
366,Team Ʈ,swift nmap project management
367,Team Ư,git bash ruby
368,Team ư,notion feature engineering autocad
369,Team Ʊ,database seaborn jest
370,Team Ʋ,research design patterns api development
371,Team Ƴ,ai ethics forensics fastapi
372,Team ƴ,prometheus documentation big data
373,Team Ƶ,frontend babel webpack
374,Team ƶ,integration testing datadog java (android)
375,Team Ʒ,snowflake keras troubleshooting
376,Team Ƹ,mobile ui time series analysis data preprocessing
377,Team ƹ,performance optimization gitlab ci ui
378,Team ƺ,regression app store information security
379,Team ƻ,big data powershell integration testing
380,Team Ƽ,virtualbox network security grafana
381,Team ƽ,predictive analytics api integration html
382,Team ƾ,grafana apache spark pytorch
383,Team ƿ,mlops pair programming api development
384,Team ǀ,huggingface chatbot laravel
385,Team ǁ,angular haskell hadoop
386,Team ǂ,application security big data classification
387,Team ǃ,team collaboration firebase soc
388,Team Ǆ,ai data labeling sonarqube
389,Team ǅ,ansible terraform nlp
390,Team ǆ,dotnet transfer learning cloud storage
391,Team Ǉ,bash scripting problem solving s3
392,Team ǈ,cypress websocket huggingface
393,Team ǉ,encryption research release management
394,Team Ǌ,reinforcement learning classification centos
395,Team ǋ,cloud storage anomaly detection seaborn
396,Team ǌ,apache spark leadership control systems
397,Team Ǎ,google cloud speech recognition numpy
398,Team ǎ,data pipelines critical thinking helm
399,Team Ǐ,load balancing statistics generative ai
400,Team ǐ,grafana classification matplotlib
401,Team Ǒ,recommendation systems web performance chatbot
402,Team ǒ,iot autoML problem solving
403,Team Ǔ,jenkins documentation deep learning
404,Team ǔ,cross-browser testing gcp metasploit
405,Team Ǖ,tensorflow tcp/ip vscode
406,Team ǖ,autoML php api integration
407,Team Ǘ,infrastructure as code version control verilog
408,Team ǘ,java firebase lambda
409,Team Ǚ,data governance tableau vscode
410,Team ǚ,prometheus hadoop data wrangling
411,Team Ǜ,system administration mobile security power bi
412,Team ǜ,backend problem solving unsupervised learning
413,Team ǝ,kubernetes autoscaling scala
414,Team Ǟ,autoML data lakehouse langchain
415,Team ǟ,virtualbox cron jobs sonarqube
416,Team Ǡ,unsupervised learning recommendation systems web performance
417,Team ǡ,bitbucket lua ci/cd
418,Team Ǣ,dns deep learning php
419,Team ǣ,simulation cypress ids
420,Team Ǥ,langchain oop kotlin
421,Team ǥ,cloudfront cypress integration testing
422,Team Ǧ,tensorflow javascript raspberry pi
423,Team ǧ,code review java (android) webpack
424,Team Ǩ,bash scripting mlops infrastructure as code
425,Team ǩ,incident response slack predictive analytics
426,Team Ǫ,xcode firewall airflow
427,Team ǫ,frontend system monitoring visual studio
428,Team Ǭ,application security docker simulation
429,Team ǭ,logging bitbucket nodejs
430,Team Ǯ,react javascript vue
431,Team ǯ,cloud storage api ips
432,Team ǰ,flask image processing in-app payments
433,Team Ǳ,automation cross-browser testing slack
434,Team ǲ,proxy servers babel design patterns
435,Team ǳ,gitlab arduino model optimization
436,Team Ǵ,tailwind cryptography big data
437,Team ǵ,gcp pair programming recommendation systems
438,Team Ƕ,autocad microservices leadership
439,Team Ƿ,android studio process management gitlab ci
440,Team Ǹ,ansible cybersecurity model deployment
441,Team ǹ,bootstrap apache spark chatbot
442,Team Ǻ,model optimization typescript play store
443,Team ǻ,git dimensionality reduction in-app payments
444,Team Ǽ,eclipse keras matplotlib
445,Team ǽ,data wrangling machine learning serverless
446,Team Ǿ,scikit-learn wireshark data governance
447,Team ǿ,documentation bootstrap autoscaling
448,Team Ȁ,matlab classification database
449,Team ȁ,java speech recognition docker
450,Team Ȃ,data mining unsupervised learning artifact registry
451,Team ȃ,model deployment nestjs critical thinking
452,Team Ȅ,design patterns computer vision scada
453,Team ȅ,responsive design generative ai unit testing
454,Team Ȇ,in-app payments documentation postman
455,Team ȇ,virtualbox mechanical design llm
456,Team Ȉ,api integration matlab jest
457,Team ȉ,javascript new relic mocha
458,Team Ȋ,docker desktop slack metasploit
459,Team ȋ,gcp innovation functional programming
460,Team Ȍ,grafana matplotlib metasploit
461,Team ȍ,dotnet scikit-learn sql
462,Team Ȏ,virtualization jenkins redux
463,Team ȏ,cross-browser testing classification troubleshooting
464,Team Ȑ,system design soc web performance
465,Team ȑ,team collaboration tls pair programming
466,Team Ȓ,cryptography aws load balancing
467,Team ȓ,chatbot tailwind api development
468,Team Ȕ,trello swift macos
469,Team ȕ,scrum lua network architecture
470,Team Ȗ,feature engineering gcp go
471,Team ȗ,encryption matlab descriptive analytics
472,Team Ș,react native new relic scrum
473,Team ș,proxmox eclipse firebase
474,Team Ț,postman autoscaling ids
475,Team ț,mechanical design switching control systems
476,Team Ȝ,mobile security project management jira
477,Team ȝ,image processing svelte r
478,Team Ȟ,seaborn robotics release management
479,Team ȟ,visual studio documentation system monitoring
480,Team Ƞ,api development docker desktop transfer learning
481,Team ȡ,google cloud bash scripting gitkraken
482,Team Ȣ,matlab tcp/ip network architecture
483,Team ȣ,cypress shell scripting computer vision
484,Team Ȥ,linux data modeling virtualbox
485,Team ȥ,in-app payments asp.net ai
486,Team Ȧ,research reinforcement learning sql
487,Team ȧ,neural networks leadership hadoop
488,Team Ȩ,haskell documentation php
489,Team ȩ,anomaly detection bdd plc
490,Team Ȫ,recommendation systems mobile security mobile testing
491,Team ȫ,dotnet bitbucket infrastructure as code
492,Team Ȭ,monitoring routing s3
493,Team ȭ,ci/cd agile django
494,Team Ȯ,matplotlib agile web performance
495,Team ȯ,chatbot seaborn mlops
496,Team Ȱ,responsive design slack pycharm
497,Team ȱ,in-app payments project management code review
498,Team Ȳ,java (android) linux airflow
499,Team ȳ,play store performance optimization push notifications
500,Team ȴ,hyperparameter tuning ux network security
501,Team ȵ,regression kubernetes centos
502,Team ȶ,lambda llm backend
503,Team ȷ,aws security data preprocessing
504,Team ȸ,intellij documentation azure
505,Team ȹ,dimensionality reduction mocha verilog
506,Team Ⱥ,new relic data lakehouse babel
507,Team Ȼ,robotics ruby autoscaling
508,Team ȼ,selenium virtualization pytorch
509,Team Ƚ,regression supervised learning autoscaling
510,Team Ⱦ,laravel tdd cloud architecture
511,Team ȿ,huggingface ui forensics
512,Team ɀ,git team collaboration dotnet
513,Team Ɂ,cron jobs system monitoring app store
514,Team ɂ,kanban ci/cd react
515,Team Ƀ,grafana tableau github
516,Team Ʉ,ansible kubernetes hyperparameter tuning
517,Team Ʌ,python php big data
518,Team Ɇ,firewall sql cryptography
519,Team ɇ,babel encryption research
520,Team Ɉ,web security robotics mlops
521,Team ɉ,automation gitkraken python
522,Team Ɋ,vhdl tls pycharm
523,Team ɋ,innovation apache spark data labeling
524,Team Ɍ,nextjs functional programming scikit-learn
525,Team ɍ,datadog cron jobs cypress
526,Team Ɏ,sonarqube visual studio deep learning
527,Team ɏ,transfer learning kanban vmware
528,Team ɐ,test automation haskell backend
529,Team ɑ,problem solving code review hadoop
530,Team ɒ,robotics bdd serverless
531,Team ɓ,pytorch airflow redux
532,Team ɔ,javascript gcp git
533,Team ɕ,vpc nlp babel
534,Team ɖ,typescript wireshark tableau
535,Team ɗ,mobile ui css datadog
536,Team ɘ,data mining linux api integration
537,Team ə,route53 file systems raspberry pi
538,Team ɚ,virtualbox lambda php
539,Team ɛ,azure tableau sql
540,Team ɜ,go vulnerability scanning vpc
541,Team ɝ,model deployment web security speech recognition
542,Team ɞ,network security helm cad modeling
543,Team ɟ,autoML unsupervised learning project management
544,Team ɠ,siem ux network architecture
545,Team ɡ,model deployment leadership version control
546,Team ɢ,system monitoring gitkraken mobile ui
547,Team ɣ,webpack security elasticsearch
548,Team ɤ,bash scripting rust cryptography
549,Team ɥ,nestjs communication systems bdd
550,Team ɦ,api integration database in-app payments
551,Team ɧ,pandas data lakehouse c++
552,Team ɨ,api development autocad flutter
553,Team ɩ,ansible supervised learning terraform
554,Team ɪ,fastapi ai api development
555,Team ɫ,penetration testing apache spark matlab
556,Team ɬ,datadog ips load balancing
557,Team ɭ,documentation sass lua
558,Team ɮ,information security supervised learning confluence
559,Team ɯ,git jenkins control systems
560,Team ɰ,troubleshooting mobile testing php
561,Team ɱ,api integration ubuntu embedded systems
562,Team ɲ,automation serverless go
563,Team ɳ,data governance jira gitlab
564,Team ɴ,ips ansible plc
565,Team ɵ,vpc lambda windows server
566,Team ɶ,solidworks ips jenkins
567,Team ɷ,react nlp sql
568,Team ɸ,problem solving devops api development
569,Team ɹ,proxy servers zero trust svelte
570,Team ɺ,grafana notion cloud architecture
571,Team ɻ,sonarqube process management scikit-learn
572,Team ɼ,ai deep learning bitbucket
573,Team ɽ,sql gitlab ci jest
574,Team ɾ,eclipse mocha autocad
575,Team ɿ,data wrangling lua data warehousing
576,Team ʀ,deep learning jest c++
577,Team ʁ,vite docker backend
578,Team ʂ,gitkraken data visualization pytorch
579,Team ʃ,database tailwind test automation
580,Team ʄ,microservices prometheus cloudfront
581,Team ʅ,control systems sass arduino
582,Team ʆ,autoscaling design express
583,Team ʇ,vulnerability scanning windows server clustering
584,Team ʈ,tdd typescript raspberry pi
585,Team ʉ,redux helm deep learning
586,Team ʊ,feature engineering code review software architecture
587,Team ʋ,iot cad modeling classification
588,Team ʌ,project management cypress docker desktop
589,Team ʍ,docker desktop react native feature engineering
590,Team ʎ,xcode openai api encryption
591,Team ʏ,kanban javascript hyperparameter tuning
592,Team ʐ,react ubuntu monitoring
593,Team ʑ,pair programming communication systems cloud storage
594,Team ʒ,gcp matplotlib javascript
595,Team ʓ,kotlin bootstrap angular
596,Team ʔ,visual studio gitlab data analysis
597,Team ʕ,mocha api data warehousing
598,Team ʖ,tensorflow electronics power bi
599,Team ʗ,spring boot vscode react native
600,Team ʘ,mobile ui google cloud release management
601,Team ʙ,artifact registry mobile security dotnet
602,Team ʚ,documentation intellij kafka
603,Team ʛ,documentation kanban information security
604,Team ʜ,routing bdd github actions
605,Team ʝ,dhcp data pipelines file systems
606,Team ʞ,team collaboration bash scripting mobile ui
607,Team ʟ,jira api integration data pipelines
608,Team ʠ,swift swift html
609,Team ʡ,soc artifact registry django
610,Team ʢ,data mining wireshark keras
611,Team ʣ,autocad tensorflow github
612,Team ʤ,route53 nlp generative ai
613,Team ʥ,cloud storage bootstrap swift
614,Team ʦ,logging lua sass
615,Team ʧ,cybersecurity cypress vscode
616,Team ʨ,macos kotlin express
617,Team ʩ,kotlin shell scripting supervised learning
618,Team ʪ,model optimization webpack data analysis
619,Team ʫ,autoML performance optimization push notifications
620,Team ʬ,incident response system administration ec2
621,Team ʭ,gitkraken linux speech recognition
622,Team ʮ,asp.net regression babel
623,Team ʯ,macos scikit-learn react native
624,Team ʰ,app store autoML nextjs
625,Team ʱ,data preprocessing visual studio metasploit
626,Team ʲ,signal processing iot pair programming
627,Team ʳ,go prometheus penetration testing
628,Team ʴ,robotics lua dns
629,Team ʵ,gcp trello embedded systems
630,Team ʶ,terraform predictive modeling route53
631,Team ʷ,ddos protection chatbot in-app payments
632,Team ʸ,selenium cybersecurity monday
633,Team ʹ,machine learning nmap speech recognition
634,Team ʺ,spring boot github lua
635,Team ʻ,django gitkraken image processing
636,Team ʼ,ai ethics soc firewall
637,Team ʽ,time series analysis google cloud java
638,Team ʾ,probability github actions design patterns
639,Team ʿ,tdd cross-browser testing version control
640,Team ˀ,integration testing autoscaling helm
641,Team ˁ,wireshark web security sonarqube
642,Team ˂,data governance encryption c
643,Team ˃,vector databases hyperparameter tuning scada
644,Team ˄,vulnerability scanning fastapi svelte
645,Team ˅,zero trust predictive analytics excel
646,Team ˆ,predictive analytics web performance typescript
647,Team ˇ,leadership fastapi gitlab ci
648,Team ˈ,cloud architecture oop mechanical design
649,Team ˉ,responsive design tailwind miro
650,Team ˊ,perl predictive modeling bitbucket
651,Team ˋ,tls research communication systems
652,Team ˌ,swift bash scripting statistics
653,Team ˍ,system monitoring github metasploit
654,Team ˎ,cross-browser testing webpack flutter
655,Team ˏ,robotics google cloud computer vision
656,Team ː,robotics spring boot gitops
657,Team ˑ,splunk svelte business intelligence
658,Team ˒,kubernetes aws gcp
659,Team ˓,huggingface tensorflow websocket
660,Team ˔,websocket firewall release management
661,Team ˕,accessibility swift data pipelines
662,Team ˖,vhdl generative ai scrum
663,Team ˗,numpy perl data governance
664,Team ˘,accessibility matlab kafka
665,Team ˙,tailwind virtualbox gcp
666,Team ˚,gitkraken pytorch virtualization
667,Team ˛,angular c php
668,Team ˜,forensics jira redux
669,Team ˝,project management postman cloud architecture
670,Team ˞,machine learning devops proxy servers
671,Team ˟,numpy mocha version control
672,Team ˠ,datadog ui api integration
673,Team ˡ,typescript ec2 php
674,Team ˢ,virtualization kanban rust
675,Team ˣ,system design vite nlp
676,Team ˤ,dimensionality reduction version control supervised learning
677,Team ˥,data analysis babel terraform
678,Team ˦,azure github functional programming
679,Team ˧,firewall mobile testing troubleshooting
680,Team ˨,autoML bootstrap swift
681,Team ˩,signal processing ux cloud
682,Team ˪,code review control systems metasploit
683,Team ˫,tdd simulation miro
684,Team ˬ,accessibility tdd model deployment
685,Team ˭,vue sql ethical hacking
686,Team ˮ,openai api regression ubuntu
687,Team ˯,documentation system monitoring pytorch
688,Team ˰,forensics kotlin proxy servers
689,Team ˱,web performance c++ industrial automation
690,Team ˲,ui feature engineering websocket
691,Team ˳,model deployment dart kotlin
692,Team ˴,devops dhcp tdd
693,Team ˵,play store pycharm terraform
694,Team ˶,r bash git
695,Team ˷,pycharm visual studio hyperparameter tuning
696,Team ˸,deep learning regression predictive analytics
697,Team ˹,unsupervised learning penetration testing github
698,Team ˺,swift ddos protection model optimization
699,Team ˻,neural networks etl model evaluation
700,Team ˼,django php business intelligence
701,Team ˽,bash scripting code review raspberry pi
702,Team ˾,fastapi robotics electronics
703,Team ˿,nextjs data pipelines time series analysis
704,Team ̀,pytorch web performance go
705,Team ́,software architecture tcp/ip nmap
706,Team ̂,nextjs tdd php
707,Team ̃,nlp jest pytorch
708,Team ̄,gitops figma file systems
709,Team ̅,bootstrap shell scripting eclipse
710,Team ̆,langchain perl information security
711,Team ̇,devops typescript full stack
712,Team ̈,typescript performance optimization javascript
713,Team ̉,firewall raspberry pi azure
714,Team ̊,release management debugging api
715,Team ̋,web performance recommendation systems ips
716,Team ̌,cypress excel time series analysis
717,Team ̍,nestjs svelte image processing
718,Team ̎,excel splunk airflow
719,Team ̏,nodejs jira mobile security
720,Team ̐,cryptography encryption graphql
721,Team ̑,time series analysis hyperparameter tuning cloudfront
722,Team ̒,information security monitoring plc
723,Team ̓,predictive modeling tailwind control systems
724,Team ̔,react websocket swift
725,Team ̕,kubernetes jira snowflake
726,Team ̖,helm predictive modeling cloud
727,Team ̗,aws verilog communication systems
728,Team ̘,numpy flask ddos protection
729,Team ̙,ruby scikit-learn dart
730,Team ̚,swift gitlab ai ethics
731,Team ̛,bash python tcp/ip
732,Team ̜,solidworks critical thinking security
733,Team ̝,data labeling scala huggingface
734,Team ̞,jira communication systems dns
735,Team ̟,data visualization project management zero trust
736,Team ̠,troubleshooting gitlab ci logging
737,Team ̡,vpc vulnerability scanning sql
738,Team ̢,ec2 cloudfront confluence
739,Team ̣,keras data visualization oop
740,Team ̤,gitlab wireshark github actions
741,Team ̥,vhdl data preprocessing pair programming
742,Team ̦,graphql slack chatbot
743,Team ̧,logging data lakehouse critical thinking
744,Team ̨,data lakehouse firebase django
745,Team ̩,gitlab ci cross-browser testing powershell
746,Team ̪,responsive design business intelligence data preprocessing
747,Team ̫,figma incident response trello
748,Team ̬,supervised learning time series analysis signal processing
749,Team ̭,data preprocessing vite openai api
750,Team ̮,angular raspberry pi automation
751,Team ̯,python visual studio docker desktop
752,Team ̰,frontend serverless macos
753,Team ̱,ids vue power bi
754,Team ̲,spring boot google cloud eclipse
755,Team ̳,java bash scripting c
756,Team ̴,swift kotlin gitlab ci
757,Team ̵,tailwind scrum predictive modeling
758,Team ̶,gcp ui serverless
759,Team ̷,visual studio machine learning infrastructure as code
760,Team ̸,data warehousing business intelligence angular
761,Team ̹,software architecture ansible accessibility
762,Team ̺,serverless miro monday
763,Team ̻,bash scripting data team collaboration
764,Team ̼,cross-browser testing ddos protection hadoop
765,Team ̽,cross-browser testing problem solving metasploit
766,Team ̾,javascript generative ai docker
767,Team ̿,model evaluation pandas flutter
768,Team ̀,load balancing microservices supervised learning
769,Team ́,ai mechanical design autoscaling
770,Team ͂,zero trust neural networks docker desktop
771,Team ̓,tdd soc s3
772,Team ̈́,design dns sass
773,Team ͅ,jenkins cloud elasticsearch
774,Team ͆,problem solving vscode nestjs
775,Team ͇,ansible grafana model evaluation
776,Team ͈,reinforcement learning php visual studio
777,Team ͉,chatbot siem shell scripting
778,Team ͊,langchain generative ai transfer learning
779,Team ͋,power bi kubernetes ui
780,Team ͌,airflow proxmox java
781,Team ͍,raspberry pi data test automation
782,Team ͎,performance optimization data preprocessing dns
783,Team ͏,dns matlab vmware
784,Team ͐,android studio perl api integration
785,Team ͑,proxmox system administration autocad
786,Team ͒,monitoring kanban machine learning
787,Team ͓,vector databases innovation centos
788,Team ͔,data warehousing classification file systems
789,Team ͕,data visualization javascript data pipelines
790,Team ͖,java (android) incident response model evaluation
791,Team ͗,c++ kotlin ec2
792,Team ͘,jest database data labeling
793,Team ͙,kotlin postman electronics
794,Team ͚,feature engineering arduino api development
795,Team ͛,cryptography vscode aws
796,Team ͜,nlp route53 embedded systems
797,Team ͝,pycharm wireshark monitoring
798,Team ͞,penetration testing scikit-learn business intelligence
799,Team ͟,gitkraken php grafana
800,Team ͠,svelte mocha robotics
801,Team ͡,tcp/ip langchain computer vision
802,Team ͢,notion regression sql
803,Team ͣ,git proxmox iot
804,Team ͤ,selenium pycharm miro
805,Team ͥ,openai api scada selenium
806,Team ͦ,embedded systems ddos protection matplotlib
807,Team ͧ,svelte babel php
808,Team ͨ,app store data analysis excel
809,Team ͩ,python sonarqube kafka
810,Team ͪ,penetration testing vmware kotlin
811,Team ͫ,siem incident response lua
812,Team ͬ,api integration research descriptive analytics
813,Team ͭ,cross-browser testing autoML apache spark
814,Team ͮ,verilog cloud network security
815,Team ͯ,python network architecture api integration
816,Team Ͱ,javascript software architecture pycharm
817,Team ͱ,data analysis macos hadoop
818,Team Ͳ,s3 elasticsearch postman
819,Team ͳ,mobile ui chatbot data preprocessing
820,Team ʹ,predictive modeling ips generative ai
821,Team ͵,javascript prometheus nextjs
822,Team Ͷ,supervised learning ci/cd gitlab ci
823,Team ͷ,mocha matlab excel
824,Team ͸,ai ethics supervised learning embedded systems
825,Team ͹,ubuntu vite fastapi
826,Team ͺ,generative ai ci/cd supervised learning
827,Team ͻ,kafka microservices postman
828,Team ͼ,artifact registry software architecture responsive design
829,Team ͽ,mechanical design kotlin ai
830,Team ;,web performance siem ci/cd
831,Team Ϳ,ai ethics unit testing software engineering
832,Team ΀,xcode anomaly detection android studio
833,Team ΁,version control ubuntu macos
834,Team ΂,firebase express sql
835,Team ΃,firebase excel power bi
836,Team ΄,innovation matlab llm
837,Team ΅,time series analysis storage management ui
838,Team Ά,babel unit testing haskell
839,Team ·,ui incident response model optimization
840,Team Έ,swift asp.net artifact registry
841,Team Ή,clustering mocha ruby
842,Team Ί,swift app store mobile security
843,Team ΋,proxy servers mobile security nmap
844,Team Ό,business intelligence research dns
845,Team ΍,new relic time series analysis cron jobs
846,Team Ύ,data pipelines virtualbox cypress
847,Team Ώ,verilog notion descriptive analytics
848,Team ΐ,simulation incident response kafka
849,Team Α,app store cad modeling ux
850,Team Β,iot tailwind troubleshooting
851,Team Γ,load balancing automation encryption
852,Team Δ,ddos protection mechanical design version control
853,Team Ε,vector databases soc integration testing
854,Team Ζ,vhdl system monitoring recommendation systems
855,Team Η,matplotlib elasticsearch miro
856,Team Θ,vector databases firebase project management
857,Team Ι,soc java proxmox
858,Team Κ,data lakes powershell etl
859,Team Λ,dhcp backend vmware
860,Team Μ,kotlin postman cloud architecture
861,Team Ν,sonarqube ssl classification
862,Team Ξ,firebase agile debugging
863,Team Ο,terraform laravel innovation
864,Team Π,data labeling css switching
865,Team Ρ,laravel leadership ruby
866,Team ΢,autocad gcp data warehousing
867,Team Σ,reinforcement learning github actions predictive modeling
868,Team Τ,ethical hacking rust soc
869,Team Υ,docker anomaly detection slack
870,Team Φ,virtualization feature engineering functional programming
871,Team Χ,load balancing virtualization devops
872,Team Ψ,vmware figma electronics
873,Team Ω,nmap llm kubernetes
874,Team Ϊ,redux team collaboration serverless
875,Team Ϋ,pair programming vector databases tls
876,Team ά,model deployment anomaly detection autoscaling
877,Team έ,infrastructure as code numpy sql
878,Team ή,typescript terraform fastapi
879,Team ί,linux business intelligence neural networks
880,Team ΰ,android studio github bdd
881,Team α,ansible ai ethics intellij
882,Team β,dotnet big data probability
883,Team γ,push notifications big data artifact registry
884,Team δ,cloud autoscaling embedded systems
885,Team ε,cryptography ubuntu confluence
886,Team ζ,team collaboration electronics typescript
887,Team η,c++ bash scripting debugging
888,Team θ,confluence verilog system administration
889,Team ι,push notifications vite xcode
890,Team κ,software architecture clustering nextjs
891,Team λ,ai ethics ux neural networks
892,Team μ,network security html sql
893,Team ν,api integration angular scrum
894,Team ξ,cypress control systems javascript
895,Team ο,software architecture clustering flutter
896,Team π,trello nmap jira
897,Team ρ,hadoop vpn play store
898,Team ς,c probability dimensionality reduction
899,Team σ,power bi javascript data visualization
900,Team τ,raspberry pi accessibility tls
901,Team υ,routing statistics langchain
902,Team φ,serverless release management full stack
903,Team χ,integration testing model deployment siem
904,Team ψ,switching api integration data pipelines
905,Team ω,software architecture ansible langchain
906,Team ϊ,data mining database kafka
907,Team ϋ,transfer learning bash slack
908,Team ό,plc mobile security application security
909,Team ύ,plc monitoring ssl
910,Team ώ,ci/cd ubuntu kotlin
911,Team Ϗ,bash scripting unsupervised learning image processing
912,Team ϐ,data modeling grafana data lakehouse
913,Team ϑ,functional programming visual studio vscode
914,Team ϒ,r switching ai ethics
915,Team ϓ,windows server java system monitoring
916,Team ϔ,mobile security zero trust r
917,Team ϕ,ansible tls cloud storage
918,Team ϖ,generative ai zero trust feature engineering
919,Team ϗ,data mining laravel process management
920,Team Ϙ,predictive analytics nodejs iot
921,Team ϙ,splunk webpack cad modeling
922,Team Ϛ,data analysis pycharm software engineering
923,Team ϛ,mocha splunk hadoop
924,Team Ϝ,backend industrial automation centos
925,Team ϝ,bdd infrastructure as code cloudfront
926,Team Ϟ,php recommendation systems typescript
927,Team ϟ,team collaboration big data perl
928,Team Ϡ,nodejs sql scada
929,Team ϡ,monday version control nestjs
930,Team Ϣ,spring boot data visualization hyperparameter tuning
931,Team ϣ,grafana cypress web security
932,Team Ϥ,robotics data lakes logging
933,Team ϥ,android studio c++ microservices
934,Team Ϧ,vue git macos
935,Team ϧ,slack incident response logging
936,Team Ϩ,matplotlib laravel postman
937,Team ϩ,websocket solidworks ansible
938,Team Ϫ,matplotlib cad modeling release management
939,Team ϫ,encryption regression web security
940,Team Ϭ,speech recognition vector databases scikit-learn
941,Team ϭ,tensorflow keras pandas
942,Team Ϯ,autocad vector databases dart
943,Team ϯ,slack chatbot reinforcement learning
944,Team ϰ,elasticsearch nlp splunk
945,Team ϱ,seaborn autocad debugging
946,Team ϲ,play store scala gitkraken
947,Team ϳ,slack siem data pipelines
948,Team ϴ,vscode descriptive analytics sql
949,Team ϵ,api hyperparameter tuning ssl
950,Team ϶,proxy servers php cryptography
951,Team Ϸ,design patterns kafka matlab
952,Team ϸ,bootstrap monday design
953,Team Ϲ,raspberry pi ruby cloud storage
954,Team Ϻ,c# kotlin intellij
955,Team ϻ,fastapi huggingface bash
956,Team ϼ,ci/cd cryptography ids
957,Team Ͻ,descriptive analytics integration testing visual studio
958,Team Ͼ,version control pytorch s3
959,Team Ͽ,code review firewall transfer learning
960,Team Ѐ,backend mechanical design postman
961,Team Ё,unit testing kafka classification
962,Team Ђ,data verilog firewall
963,Team Ѓ,mlops flutter ai ethics
964,Team Є,anomaly detection in-app payments ubuntu
965,Team Ѕ,nlp nosql security
966,Team І,signal processing elasticsearch mechanical design
967,Team Ї,python probability keras
968,Team Ј,shell scripting pycharm api
969,Team Љ,nlp dart load balancing
970,Team Њ,storage management pytorch cloudfront
971,Team Ћ,ips solidworks api integration
972,Team Ќ,vhdl autoscaling api
973,Team Ѝ,bitbucket javascript virtualization
974,Team Ў,software engineering jenkins prometheus
975,Team Џ,android studio model optimization pair programming
976,Team А,full stack go descriptive analytics
977,Team Б,macos matlab presentation
978,Team В,statistics model deployment elasticsearch
979,Team Г,classification virtualization nosql
980,Team Д,nosql cybersecurity grafana
981,Team Е,software engineering ruby sql
982,Team Ж,pycharm test automation load balancing
983,Team З,software architecture frontend system administration
984,Team И,automation mocha mobile ui
985,Team Й,ubuntu bash redux
986,Team К,matplotlib asp.net anomaly detection
987,Team Л,gitkraken tableau team collaboration
988,Team М,ai ethics sass bash
989,Team Н,css nestjs routing
990,Team О,generative ai design raspberry pi
991,Team П,system design integration testing matlab
992,Team Р,gitkraken speech recognition sql
993,Team С,research statistics data visualization
994,Team Т,helm xcode keras
995,Team У,java speech recognition mocha
996,Team Ф,vector databases ci/cd process management
997,Team Х,automation cross-browser testing windows server
998,Team Ц,kanban vhdl tls
999,Team Ч,macos php html
1000,Team Ш,trello macos snowflake
1001,Team Щ,app store supervised learning cloudfront
1002,Team Ъ,azure file systems postman
1003,Team Ы,airflow cloud storage websocket
1004,Team Ь,storage management php nextjs
1005,Team Э,vmware oop file systems
1006,Team Ю,kotlin kafka ai ethics
1007,Team Я,swift cypress php
1008,Team а,windows server webpack postman
1009,Team б,mobile security penetration testing route53
1010,Team в,android studio push notifications llm
1011,Team г,innovation troubleshooting vue
1012,Team д,design patterns storage management nlp
1013,Team е,ethical hacking big data tdd
1014,Team ж,data preprocessing express airflow
1015,Team з,lambda scada cad modeling
1016,Team и,trello plc numpy
1017,Team й,computer vision centos chatbot
1018,Team к,routing react virtualization
1019,Team л,frontend automation gitops
1020,Team м,graphql redux miro
1021,Team н,cloud splunk langchain
1022,Team о,chatbot ci/cd mobile security
1023,Team п,descriptive analytics bash scripting mlops
1024,Team р,tailwind forensics excel
1025,Team с,ai ethics php graphql
1026,Team т,github actions integration testing lambda
1027,Team у,innovation reinforcement learning unsupervised learning
1028,Team ф,graphql notion team collaboration
1029,Team х,bash solidworks accessibility
1030,Team ц,serverless api integration communication systems
1031,Team ч,python snowflake cloudfront
1032,Team ш,aws devops system administration
1033,Team щ,svelte mobile ui angular
1034,Team ъ,autoscaling data anomaly detection
1035,Team ы,data warehousing model evaluation azure
1036,Team ь,mechanical design ux logging
1037,Team э,machine learning grafana cloud
1038,Team ю,eclipse tls github
1039,Team я,etl dhcp matlab
1040,Team ѐ,robotics agile classification
1041,Team ё,data mining websocket data
1042,Team ђ,autoscaling firewall kubernetes
1043,Team ѓ,software architecture aws php
1044,Team є,swift data warehousing feature engineering
1045,Team ѕ,webpack graphql full stack
1046,Team і,logging data modeling shell scripting
1047,Team ї,php s3 big data
1048,Team ј,switching eclipse android studio
1049,Team љ,hadoop matlab network architecture
1050,Team њ,simulation kafka switching
1051,Team ћ,selenium data pipelines mechanical design
1052,Team ќ,data pipelines forensics firebase
1053,Team ѝ,swift matlab nextjs
1054,Team ў,microservices project management mobile ui
1055,Team џ,sql automation embedded systems
1056,Team Ѡ,software engineering cloud architecture data lakehouse
1057,Team ѡ,route53 regression mobile security
1058,Team Ѣ,mechanical design information security autoML
1059,Team ѣ,intellij power bi image processing
1060,Team Ѥ,huggingface seaborn metasploit
1061,Team ѥ,version control figma microservices
1062,Team Ѧ,web performance unsupervised learning time series analysis
1063,Team ѧ,figma airflow confluence
1064,Team Ѩ,bdd data labeling websocket
1065,Team ѩ,model optimization accessibility html
1066,Team Ѫ,system design anomaly detection robotics
1067,Team ѫ,docker desktop tdd supervised learning
1068,Team Ѭ,react angular gitops
1069,Team ѭ,macos cross-browser testing cad modeling
1070,Team Ѯ,load balancing machine learning c++
1071,Team ѯ,android studio gitlab image processing
1072,Team Ѱ,cloud backend in-app payments
1073,Team ѱ,azure ui mobile testing
1074,Team Ѳ,model deployment keras cross-browser testing
1075,Team ѳ,web security excel matplotlib
1076,Team Ѵ,css git backend
1077,Team ѵ,descriptive analytics vpn ui
1078,Team Ѷ,network security nlp ci/cd
1079,Team ѷ,route53 cron jobs data labeling
1080,Team Ѹ,transfer learning design patterns image processing
1081,Team ѹ,electronics innovation vpn
1082,Team Ѻ,bash nextjs php
1083,Team ѻ,functional programming svelte mobile testing
1084,Team Ѽ,terraform data labeling dart
1085,Team ѽ,web security critical thinking figma
1086,Team Ѿ,push notifications grafana swift
1087,Team ѿ,debugging numpy anomaly detection
1088,Team Ҁ,powershell plc pair programming
1089,Team ҁ,vpc oop perl
1090,Team ҂,eclipse pycharm zero trust
1091,Team ҃,html backend clustering
1092,Team ҄,s3 tableau information security
1093,Team ҅,electronics data mining documentation
1094,Team ҆,agile vpn data modeling
1095,Team ҇,svelte simulation babel
1096,Team ҈,sql simulation chatbot
1097,Team ҉,design javascript process management
1098,Team Ҋ,spring boot storage management go
1099,Team ҋ,data mining troubleshooting time series analysis
1100,Team Ҍ,nextjs performance optimization docker
1101,Team ҍ,computer vision gitlab ci scala
1102,Team Ҏ,storage management tdd generative ai
1103,Team ҏ,graphql autocad tcp/ip
1104,Team Ґ,gitlab ci infrastructure as code lambda
1105,Team ґ,dart jenkins responsive design
1106,Team Ғ,linux kanban fastapi
1107,Team ғ,etl cybersecurity ui
1108,Team Ҕ,sql php react native
1109,Team ҕ,predictive analytics rust terraform
1110,Team Җ,gitops encryption dns
1111,Team җ,unsupervised learning seaborn centos
1112,Team Ҙ,api integration selenium functional programming
1113,Team ҙ,logging macos websocket
1114,Team Қ,postman ai ethics code review
1115,Team қ,simulation data route53
1116,Team Ҝ,predictive modeling integration testing iot
1117,Team ҝ,microservices ruby cryptography
1118,Team Ҟ,javascript c++ gitops
1119,Team ҟ,laravel redux generative ai
1120,Team Ҡ,r descriptive analytics s3
1121,Team ҡ,sonarqube websocket seaborn
1122,Team Ң,scrum data warehousing laravel
1123,Team ң,prometheus ssl selenium
1124,Team Ҥ,sass vmware switching
1125,Team ҥ,information security reinforcement learning bdd
1126,Team Ҧ,helm dhcp full stack
1127,Team ҧ,huggingface firewall miro
1128,Team Ҩ,proxy servers raspberry pi information security
1129,Team ҩ,websocket terraform vmware
1130,Team Ҫ,shell scripting bootstrap business intelligence
1131,Team ҫ,fastapi artifact registry regression
1132,Team Ҭ,full stack iot raspberry pi
1133,Team ҭ,openai api huggingface data governance
1134,Team Ү,gitops tableau debugging
1135,Team ү,regression clustering application security
1136,Team Ұ,bdd robotics tensorflow
1137,Team ұ,figma embedded systems r
1138,Team Ҳ,mobile ui neural networks cloud
1139,Team ҳ,test automation etl scada
1140,Team Ҵ,vscode big data data analysis
1141,Team ҵ,encryption c miro
1142,Team Ҷ,monday matplotlib cloud storage
1143,Team ҷ,keras javascript css
1144,Team Ҹ,flutter kotlin pair programming
1145,Team ҹ,reinforcement learning ssl github actions
1146,Team Һ,angular tailwind bdd
1147,Team һ,electronics bash code review
1148,Team Ҽ,python powershell ruby
1149,Team ҽ,vector databases storage management snowflake
1150,Team Ҿ,network security information security tcp/ip
1151,Team ҿ,siem dhcp cloud
1152,Team Ӏ,vue gitkraken google cloud
1153,Team Ӂ,kubernetes incident response code review
1154,Team ӂ,grafana data lakes logging
1155,Team Ӄ,c tcp/ip pytorch
1156,Team ӄ,rust robotics tdd
1157,Team Ӆ,windows server pandas kanban
1158,Team ӆ,test automation play store typescript
1159,Team Ӈ,graphql team collaboration cad modeling
1160,Team ӈ,file systems cloudfront java
1161,Team Ӊ,laravel raspberry pi s3
1162,Team ӊ,performance optimization monday pair programming
1163,Team Ӌ,pycharm feature engineering process management
1164,Team ӌ,network architecture team collaboration transfer learning
1165,Team Ӎ,mechanical design web performance huggingface
1166,Team ӎ,nmap helm bash scripting
1167,Team ӏ,cad modeling switching angular
1168,Team Ӑ,javascript mobile testing trello
1169,Team ӑ,c++ virtualbox haskell
1170,Team Ӓ,visual studio scada load balancing
1171,Team ӓ,powershell sass innovation
1172,Team Ӕ,classification trello embedded systems
1173,Team ӕ,speech recognition play store trello
1174,Team Ӗ,test automation code review nlp
1175,Team ӗ,control systems cron jobs proxmox
1176,Team Ә,dhcp github nmap
1177,Team ә,file systems unsupervised learning model evaluation
1178,Team Ӛ,design proxy servers team collaboration
1179,Team ӛ,terraform mobile security system monitoring
1180,Team Ӝ,data pipelines typescript cron jobs
1181,Team ӝ,api integration sass jira
1182,Team Ӟ,team collaboration fastapi vmware
1183,Team ӟ,network architecture sql innovation
1184,Team Ӡ,deep learning project management documentation
1185,Team ӡ,ux critical thinking mobile ui
1186,Team Ӣ,project management solidworks nlp
1187,Team ӣ,kotlin api xcode
1188,Team Ӥ,php mobile ui kubernetes
1189,Team ӥ,clustering soc descriptive analytics
1190,Team Ӧ,soc communication systems jenkins
1191,Team ӧ,c# tcp/ip route53
1192,Team Ө,bash data lakes load balancing
1193,Team ө,matlab figma vmware
1194,Team Ӫ,dns grafana matplotlib
1195,Team ӫ,firewall pycharm system administration
1196,Team Ӭ,sql matplotlib leadership
1197,Team ӭ,github route53 eclipse
1198,Team Ӯ,signal processing java dimensionality reduction
1199,Team ӯ,react native time series analysis routing
1200,Team Ӱ,cypress cad modeling matlab
1201,Team ӱ,ddos protection version control electronics
1202,Team Ӳ,power bi verilog data labeling
1203,Team ӳ,swift visual studio api
1204,Team Ӵ,redux gitlab ci excel
1205,Team ӵ,nlp feature engineering c++
1206,Team Ӷ,flutter lambda ids
1207,Team ӷ,mlops scikit-learn firewall
1208,Team Ӹ,feature engineering predictive analytics google cloud
1209,Team ӹ,sql bash ips
1210,Team Ӻ,jenkins data preprocessing virtualization
1211,Team ӻ,etl reinforcement learning intellij
1212,Team Ӽ,java ssl database
1213,Team ӽ,lua play store cloud
1214,Team Ӿ,kubernetes performance optimization hyperparameter tuning
1215,Team ӿ,prometheus ec2 ai ethics
1216,Team Ԁ,jest linux numpy
1217,Team ԁ,excel websocket innovation
1218,Team Ԃ,encryption process management security
1219,Team ԃ,clustering cloudfront electronics
1220,Team Ԅ,design api integration fastapi
1221,Team ԅ,tableau vpc tdd
1222,Team Ԇ,matlab confluence ec2
1223,Team ԇ,kanban vector databases innovation
1224,Team Ԉ,research autocad problem solving
1225,Team ԉ,xcode in-app payments keras
1226,Team Ԋ,c infrastructure as code bitbucket
1227,Team ԋ,proxy servers cryptography prometheus
1228,Team Ԍ,api integration hyperparameter tuning autoscaling
1229,Team ԍ,model deployment webpack ci/cd
1230,Team Ԏ,confluence release management nosql
1231,Team ԏ,incident response descriptive analytics unit testing
1232,Team Ԑ,speech recognition cron jobs data visualization
1233,Team ԑ,network architecture docker api development
1234,Team Ԓ,keras serverless data labeling
1235,Team ԓ,javascript new relic image processing
1236,Team Ԕ,hyperparameter tuning machine learning recommendation systems
1237,Team ԕ,automation scikit-learn supervised learning
1238,Team Ԗ,firewall business intelligence agile
1239,Team ԗ,lambda version control project management
1240,Team Ԙ,speech recognition network security communication systems
1241,Team ԙ,grafana communication systems deep learning
1242,Team Ԛ,supervised learning regression spring boot
1243,Team ԛ,eclipse ssl zero trust
1244,Team Ԝ,data visualization innovation data warehousing
1245,Team ԝ,shell scripting intellij angular
1246,Team Ԟ,kanban data lakehouse cad modeling
1247,Team ԟ,ethical hacking embedded systems openai api
1248,Team Ԡ,swift project management ansible
1249,Team ԡ,gitkraken deep learning kotlin
1250,Team Ԣ,eclipse embedded systems accessibility
1251,Team ԣ,sql cypress predictive modeling
1252,Team Ԥ,excel swift route53
1253,Team ԥ,ethical hacking chatbot mobile security
1254,Team Ԧ,presentation vhdl model evaluation
1255,Team ԧ,jira docker gitlab ci
1256,Team Ԩ,sonarqube tls database
1257,Team ԩ,load balancing react native monday
1258,Team Ԫ,model evaluation cad modeling bdd
1259,Team ԫ,penetration testing file systems system monitoring
1260,Team Ԭ,gitops mocha dns
1261,Team ԭ,dimensionality reduction performance optimization vector databases
1262,Team Ԯ,wireshark ids logging
1263,Team ԯ,autocad gitops monday
1264,Team ԰,matplotlib react app store
1265,Team Ա,storage management ai ethics redux
1266,Team Բ,statistics security hadoop
1267,Team Գ,zero trust jira gcp
1268,Team Դ,zero trust intellij nodejs
1269,Team Ե,virtualization graphql zero trust
1270,Team Զ,hadoop vscode html
1271,Team Է,automation kafka spring boot
1272,Team Ը,langchain model optimization vpn
1273,Team Թ,cybersecurity information security react
1274,Team Ժ,kanban kafka css
1275,Team Ի,r penetration testing monitoring
1276,Team Լ,performance optimization javascript matlab
1277,Team Խ,postman r process management
1278,Team Ծ,perl siem recommendation systems
1279,Team Կ,play store apache spark storage management
1280,Team Հ,nodejs performance optimization github actions
1281,Team Ձ,vulnerability scanning security software engineering
1282,Team Ղ,design vscode system administration
1283,Team Ճ,test automation verilog version control
1284,Team Մ,tcp/ip transfer learning troubleshooting
1285,Team Յ,express siem trello
1286,Team Ն,load balancing play store cron jobs
1287,Team Շ,bdd test automation trello
1288,Team Ո,frontend swift predictive analytics
1289,Team Չ,r shell scripting jenkins
1290,Team Պ,python speech recognition agile
1291,Team Ջ,svelte vscode eclipse
1292,Team Ռ,notion terraform gitkraken
1293,Team Ս,vhdl serverless data analysis
1294,Team Վ,new relic ubuntu release management
1295,Team Տ,push notifications tableau mlops
1296,Team Ր,api integration probability asp.net
1297,Team Ց,research nlp devops
1298,Team Ւ,integration testing embedded systems sonarqube
1299,Team Փ,serverless pytorch graphql
1300,Team Ք,control systems laravel android studio
1301,Team Օ,postman nextjs artifact registry
1302,Team Ֆ,html signal processing spring boot
1303,Team ՗,software engineering ids hyperparameter tuning
1304,Team ՘,docker desktop keras django
1305,Team ՙ,openai api microservices keras
1306,Team ՚,perl functional programming data pipelines
1307,Team ՛,notion fastapi performance optimization
1308,Team ՜,scrum cross-browser testing database
1309,Team ՝,java (android) angular in-app payments
1310,Team ՞,nextjs data analysis powershell
1311,Team ՟,machine learning dhcp java (android)
1312,Team ՠ,ux vue tailwind
1313,Team ա,lambda web performance firewall
1314,Team բ,ux unit testing typescript
1315,Team գ,virtualization angular kotlin
1316,Team դ,linux unsupervised learning swift
1317,Team ե,play store sql machine learning
1318,Team զ,data wrangling prometheus scada
1319,Team է,pair programming snowflake c#
1320,Team ը,frontend network security react native
1321,Team թ,plc matlab tailwind
1322,Team ժ,api c# kanban
1323,Team ի,c++ tcp/ip typescript
1324,Team լ,dotnet data lakehouse graphql
1325,Team խ,c# api python
1326,Team ծ,lua file systems feature engineering
1327,Team կ,agile gitlab tcp/ip
1328,Team հ,terraform chatbot iot
1329,Team ձ,industrial automation airflow ci/cd
1330,Team ղ,model optimization data wrangling ssl
1331,Team ճ,model evaluation data react native
1332,Team մ,bdd grafana websocket
1333,Team յ,feature engineering encryption matlab
1334,Team ն,notion xcode pandas
1335,Team շ,linux scrum forensics
1336,Team ո,chatbot recommendation systems gitkraken
1337,Team չ,fastapi new relic grafana
1338,Team պ,nestjs azure penetration testing
1339,Team ջ,nextjs proxmox grafana
1340,Team ռ,langchain r electronics
1341,Team ս,vulnerability scanning software architecture data analysis
1342,Team վ,langchain react jest
1343,Team տ,xcode tls serverless
1344,Team ր,typescript nmap api integration
1345,Team ց,raspberry pi css git
1346,Team ւ,matlab critical thinking bash scripting
1347,Team փ,api development jira grafana
1348,Team ք,asp.net cloud artifact registry
1349,Team օ,shell scripting scrum mobile security
1350,Team ֆ,elasticsearch transfer learning azure
1351,Team և,ubuntu routing app store
1352,Team ֈ,cloud architecture arduino github
1353,Team ։,data ruby github actions
1354,Team ֊,dns chatbot shell scripting
1355,Team ֋,accessibility data lakes postman
1356,Team ֌,selenium data wrangling vmware
1357,Team ֍,forensics nestjs vue
1358,Team ֎,soc slack dart
1359,Team ֏,ui windows server keras
1360,Team ֐,kotlin lambda typescript
1361,Team ֑,penetration testing lambda data visualization
1362,Team ֒,data modeling nosql ai
1363,Team ֓,unit testing infrastructure as code ux
1364,Team ֔,route53 css system administration
1365,Team ֕,verilog api bootstrap
1366,Team ֖,github visual studio nextjs
1367,Team ֗,process management recommendation systems nlp
1368,Team ֘,transfer learning hadoop c
1369,Team ֙,nlp perl ui
1370,Team ֚,nmap tailwind mocha
1371,Team ֛,perl classification nlp
1372,Team ֜,terraform performance optimization virtualbox
1373,Team ֝,cybersecurity play store hyperparameter tuning
1374,Team ֞,express lua data mining
1375,Team ֟,new relic macos babel
1376,Team ֠,system design angular confluence
1377,Team ֡,postman vpn data preprocessing
1378,Team ֢,vector databases cloudfront security
1379,Team ֣,sql model deployment airflow
1380,Team ֤,cross-browser testing recommendation systems powershell
1381,Team ֥,vector databases database process management
1382,Team ֦,team collaboration jest api integration
1383,Team ֧,etl express arduino
1384,Team ֨,numpy sql ai ethics
1385,Team ֩,in-app payments dart data wrangling
1386,Team ֪,macos kotlin ethical hacking
1387,Team ֫,frontend data visualization tcp/ip
1388,Team ֬,data analysis langchain sql
1389,Team ֭,websocket powershell artifact registry
1390,Team ֮,github actions api integration javascript
1391,Team ֯,statistics notion kubernetes
1392,Team ְ,etl deep learning confluence
1393,Team ֱ,generative ai software engineering data modeling
1394,Team ֲ,scala data warehousing performance optimization
1395,Team ֳ,kotlin troubleshooting model optimization
1396,Team ִ,visual studio kubernetes ips
1397,Team ֵ,jest research numpy
1398,Team ֶ,c# vector databases solidworks
1399,Team ַ,tdd predictive modeling cross-browser testing
1400,Team ָ,cloudfront generative ai cron jobs
1401,Team ֹ,django data visualization data mining
1402,Team ֺ,software architecture huggingface mechanical design
1403,Team ֻ,descriptive analytics agile c++
1404,Team ּ,snowflake mlops speech recognition
1405,Team ֽ,laravel pair programming r
1406,Team ־,descriptive analytics monitoring kafka
1407,Team ֿ,unsupervised learning openai api software architecture
1408,Team ׀,generative ai scala flutter
1409,Team ׁ,javascript electronics graphql
1410,Team ׂ,elasticsearch dotnet helm
1411,Team ׃,data lakehouse business intelligence power bi
1412,Team ׄ,statistics express vue
1413,Team ׅ,soc ips matlab
1414,Team ׆,encryption process management data modeling
1415,Team ׇ,pair programming supervised learning probability
1416,Team ׈,xcode apache spark shell scripting
1417,Team ׉,sass predictive modeling logging
1418,Team ׊,image processing vpc cloud storage
1419,Team ׋,laravel unit testing web performance
1420,Team ׌,openai api database data lakehouse
1421,Team ׍,powershell mobile ui microservices
1422,Team ׎,ips django php
1423,Team ׏,performance optimization application security agile
1424,Team א,gitlab ci app store tableau
1425,Team ב,functional programming data forensics
1426,Team ג,cloudfront selenium logging
1427,Team ד,descriptive analytics test automation push notifications
1428,Team ה,sql react native functional programming
1429,Team ו,network architecture excel raspberry pi
1430,Team ז,dart tcp/ip cloudfront
1431,Team ח,data modeling ci/cd solidworks
1432,Team ט,nmap python virtualbox
1433,Team י,eclipse autoML express
1434,Team ך,wireshark matplotlib embedded systems
1435,Team כ,dotnet cad modeling in-app payments
1436,Team ל,firewall r docker desktop
1437,Team ם,elasticsearch visual studio webpack
1438,Team מ,ux autoscaling typescript
1439,Team ן,express embedded systems ids
1440,Team נ,sql electronics rust
1441,Team ס,push notifications flutter file systems
1442,Team ע,svelte flask miro
1443,Team ף,data mining docker jest
1444,Team פ,bootstrap control systems spring boot
1445,Team ץ,gitops data governance unit testing
1446,Team צ,confluence app store load balancing
1447,Team ק,s3 in-app payments dhcp
1448,Team ר,api integration anomaly detection reinforcement learning
1449,Team ש,software engineering cross-browser testing go
1450,Team ת,ssl code review prometheus
1451,Team ׫,vite ui data mining
1452,Team ׬,visual studio ethical hacking datadog
1453,Team ׭,web performance airflow load balancing
1454,Team ׮,selenium dns performance optimization
1455,Team ׯ,openai api postman vpc
1456,Team װ,aws mobile security java (android)
1457,Team ױ,autoML intellij snowflake
1458,Team ײ,pair programming grafana presentation
1459,Team ׳,vector databases gitlab ci tls
1460,Team ״,firebase project management speech recognition
1461,Team ׵,virtualization nlp vscode
1462,Team ׶,babel incident response ddos protection
1463,Team ׷,mlops confluence llm
1464,Team ׸,functional programming data modeling keras
1465,Team ׹,ux ruby vulnerability scanning
1466,Team ׺,c++ data lakes go
1467,Team ׻,docker mobile testing innovation
1468,Team ׼,project management autoML siem
1469,Team ׽,debugging vulnerability scanning new relic
1470,Team ׾,ci/cd cloud architecture database
1471,Team ׿,application security new relic centos
1472,Team ؀,system administration matlab cloud storage
1473,Team ؁,splunk ai ethics virtualbox
1474,Team ؂,elasticsearch nosql artifact registry
1475,Team ؃,data wrangling problem solving gcp
1476,Team ؄,shell scripting haskell pair programming
1477,Team ؅,llm seaborn git
1478,Team ؆,svelte pandas ui
1479,Team ؇,linux express github actions
1480,Team ؈,react airflow miro
1481,Team ؉,oop logging ssl
1482,Team ؊,predictive modeling image processing github actions
1483,Team ؋,full stack infrastructure as code mocha
1484,Team ،,dns devops business intelligence
1485,Team ؍,anomaly detection prometheus gitops
1486,Team ؎,jira ansible tailwind
1487,Team ؏,nodejs r confluence
1488,Team ؐ,play store websocket control systems
1489,Team ؑ,ruby nmap push notifications
1490,Team ؒ,business intelligence matlab centos
1491,Team ؓ,tensorflow data analysis figma
1492,Team ؔ,vite vpc confluence
1493,Team ؕ,dimensionality reduction robotics ddos protection
1494,Team ؖ,websocket laravel virtualization
1495,Team ؗ,model evaluation api integration proxy servers
1496,Team ؘ,data pipelines ips robotics
1497,Team ؙ,kubernetes transfer learning mocha
1498,Team ؚ,kafka azure metasploit
1499,Team ؛,encryption bdd embedded systems
1500,Team ؜,php scrum clustering
1501,Team ؝,power bi switching scrum
1502,Team ؞,gitkraken probability debugging
1503,Team ؟,cron jobs vpc ci/cd
1504,Team ؠ,data mining git android studio
1505,Team ء,webpack react typescript
1506,Team آ,svelte jenkins aws
1507,Team أ,design patterns speech recognition figma
1508,Team ؤ,elasticsearch intellij r
1509,Team إ,tensorflow matlab web security
1510,Team ئ,big data laravel vpc
1511,Team ا,autoscaling software architecture bitbucket
1512,Team ب,webpack vpc hadoop
1513,Team ة,ci/cd artifact registry file systems
1514,Team ت,etl vscode data lakes
1515,Team ث,signal processing mlops kafka
1516,Team ج,image processing cron jobs gitkraken
1517,Team ح,gitops model optimization r
1518,Team خ,jira design data lakes
1519,Team د,nmap ansible system monitoring
1520,Team ذ,tailwind scikit-learn integration testing
1521,Team ر,etl lambda perl
1522,Team ز,fastapi simulation performance optimization
1523,Team س,postman github actions google cloud
1524,Team ش,mobile testing zero trust python
1525,Team ص,storage management bdd control systems
1526,Team ض,gitkraken sass ai ethics
1527,Team ط,in-app payments macos dart
1528,Team ظ,rust application security aws
1529,Team ع,raspberry pi dhcp data analysis
1530,Team غ,penetration testing performance optimization hadoop
1531,Team ػ,big data artifact registry presentation
1532,Team ؼ,nextjs siem data warehousing
1533,Team ؽ,unsupervised learning in-app payments artifact registry
1534,Team ؾ,ec2 c# r
1535,Team ؿ,soc monday big data
1536,Team ـ,spring boot time series analysis communication systems
1537,Team ف,serverless vscode computer vision
1538,Team ق,haskell typescript hyperparameter tuning
1539,Team ك,vhdl data analysis information security
1540,Team ل,terraform babel image processing
1541,Team م,descriptive analytics github troubleshooting
1542,Team ن,ux innovation regression
1543,Team ه,metasploit data visualization performance optimization
1544,Team و,matlab speech recognition miro
1545,Team ى,data labeling css asp.net
1546,Team ي,docker model evaluation routing
1547,Team ً,software engineering nestjs mobile testing
1548,Team ٌ,elasticsearch sass tls
1549,Team ٍ,data wrangling autoML cloud
1550,Team َ,release management kafka c#
1551,Team ُ,innovation switching hyperparameter tuning
1552,Team ِ,plc penetration testing cron jobs
1553,Team ّ,system design pycharm dimensionality reduction
1554,Team ْ,classification ddos protection ec2
1555,Team ٓ,webpack tensorflow problem solving
1556,Team ٔ,data visualization data lakehouse machine learning
1557,Team ٕ,plc logging load balancing
1558,Team ٖ,routing prometheus jenkins
1559,Team ٗ,ssl robotics proxy servers
1560,Team ٘,plc vscode business intelligence
1561,Team ٙ,soc virtualbox data pipelines
1562,Team ٚ,arduino regression ci/cd
1563,Team ٛ,windows server flutter c#
1564,Team ٜ,process management soc fastapi
1565,Team ٝ,innovation plc aws
1566,Team ٞ,design siem babel
1567,Team ٟ,test automation troubleshooting critical thinking
1568,Team ٠,gitkraken load balancing data lakes
1569,Team ١,in-app payments linux deep learning
1570,Team ٢,siem vulnerability scanning mobile ui
1571,Team ٣,mobile testing problem solving automation
1572,Team ٤,data modeling artifact registry application security
1573,Team ٥,dart gitkraken signal processing
1574,Team ٦,classification big data model deployment
1575,Team ٧,classification design patterns flask
1576,Team ٨,recommendation systems plc cybersecurity
1577,Team ٩,confluence linux go
1578,Team ٪,artifact registry pandas feature engineering
1579,Team ٫,industrial automation mocha chatbot
1580,Team ٬,microservices lua matlab
1581,Team ٭,flask api integration huggingface
1582,Team ٮ,data pipelines data visualization metasploit
1583,Team ٯ,github mocha data
1584,Team ٰ,websocket intellij ubuntu
1585,Team ٱ,sql api pandas
1586,Team ٲ,vhdl deep learning nextjs
1587,Team ٳ,laravel nodejs sql
1588,Team ٴ,bdd mechanical design mobile ui
1589,Team ٵ,vite css api integration
1590,Team ٶ,generative ai vpn trello
1591,Team ٷ,storage management ddos protection system administration
1592,Team ٸ,proxy servers release management team collaboration
1593,Team ٹ,excel firewall postman
1594,Team ٺ,macos cloud architecture data modeling
1595,Team ٻ,clustering tableau time series analysis
1596,Team ټ,test automation mechanical design bitbucket
1597,Team ٽ,leadership raspberry pi ai
1598,Team پ,php shell scripting frontend
1599,Team ٿ,project management vscode firewall
1600,Team ڀ,javascript tls miro
1601,Team ځ,miro api integration supervised learning
1602,Team ڂ,miro full stack incident response
1603,Team ڃ,graphql react documentation
1604,Team ڄ,process management network architecture rust
1605,Team څ,azure routing graphql
1606,Team چ,prometheus sql documentation
1607,Team ڇ,model evaluation bash penetration testing
1608,Team ڈ,sql system administration design
1609,Team ډ,jest data labeling data lakes
1610,Team ڊ,test automation reinforcement learning ai
1611,Team ڋ,terraform data labeling python
1612,Team ڌ,xcode data analysis javascript
1613,Team ڍ,kubernetes langchain model optimization
1614,Team ڎ,model evaluation pycharm helm
1615,Team ڏ,jira data labeling perl
1616,Team ڐ,cad modeling app store mocha
1617,Team ڑ,information security network security lua
1618,Team ڒ,jest splunk autoscaling
1619,Team ړ,ux flask cryptography
1620,Team ڔ,recommendation systems communication systems css
1621,Team ڕ,bash scripting proxy servers docker
1622,Team ږ,documentation iot data labeling
1623,Team ڗ,research speech recognition neural networks
1624,Team ژ,robotics proxmox shell scripting
1625,Team ڙ,postman websocket robotics
1626,Team ښ,vpc data mining cloudfront
1627,Team ڛ,google cloud centos cloud storage
1628,Team ڜ,keras agile visual studio
1629,Team ڝ,gitops data pipelines prometheus
1630,Team ڞ,cryptography agile vhdl
1631,Team ڟ,typescript confluence kanban
1632,Team ڠ,git system design raspberry pi
1633,Team ڡ,serverless grafana cloudfront
1634,Team ڢ,wireshark helm responsive design
1635,Team ڣ,mlops azure oop
1636,Team ڤ,linux design laravel
1637,Team ڥ,firebase cloudfront problem solving
1638,Team ڦ,encryption mobile security microservices
1639,Team ڧ,nextjs typescript chatbot
1640,Team ڨ,llm vpc signal processing
1641,Team ک,documentation research git
1642,Team ڪ,data system monitoring unsupervised learning
1643,Team ګ,mlops windows server docker
1644,Team ڬ,app store firebase logging
1645,Team ڭ,solidworks kanban virtualbox
1646,Team ڮ,design patterns cad modeling gitlab
1647,Team گ,jira javascript react
1648,Team ڰ,in-app payments load balancing ids
1649,Team ڱ,route53 jenkins iot
1650,Team ڲ,functional programming backend arduino
1651,Team ڳ,tdd solidworks api integration
1652,Team ڴ,metasploit grafana cybersecurity
1653,Team ڵ,numpy c++ backend
1654,Team ڶ,gitkraken dns ddos protection
1655,Team ڷ,typescript perl ids
1656,Team ڸ,tableau switching grafana
1657,Team ڹ,vpc mocha power bi
1658,Team ں,graphql tableau ruby
1659,Team ڻ,matplotlib big data airflow
1660,Team ڼ,full stack autocad r
1661,Team ڽ,spring boot mobile ui tensorflow
1662,Team ھ,macos model deployment html
1663,Team ڿ,soc chatbot predictive analytics
1664,Team ۀ,design patterns figma pytorch
1665,Team ہ,devops javascript tls
1666,Team ۂ,llm bash windows server
1667,Team ۃ,ids nestjs openai api
1668,Team ۄ,tdd c logging
1669,Team ۅ,electronics system administration perl
1670,Team ۆ,gitlab classification data lakehouse
1671,Team ۇ,lua selenium information security
1672,Team ۈ,model optimization sass clustering
1673,Team ۉ,file systems business intelligence generative ai
1674,Team ۊ,electronics flask classification
1675,Team ۋ,industrial automation load balancing project management
1676,Team ی,sass vhdl web security
1677,Team ۍ,data lakes s3 software engineering
1678,Team ێ,ec2 mlops signal processing
1679,Team ۏ,airflow oop process management
1680,Team ې,hyperparameter tuning neural networks system monitoring
1681,Team ۑ,langchain xcode troubleshooting
1682,Team ے,bitbucket full stack svelte
1683,Team ۓ,ec2 helm android studio
1684,Team ۔,macos metasploit web performance
1685,Team ە,nodejs chatbot data
1686,Team ۖ,data warehousing bootstrap documentation
1687,Team ۗ,research matlab sql
1688,Team ۘ,nextjs java data
1689,Team ۙ,javascript grafana c
1690,Team ۚ,tensorflow xcode code review
1691,Team ۛ,metasploit dhcp predictive modeling
1692,Team ۜ,vpc matplotlib mocha
1693,Team ۝,neural networks critical thinking google cloud
1694,Team ۞,firewall snowflake system design
1695,Team ۟,mobile security vector databases generative ai
1696,Team ۠,robotics ai php
1697,Team ۡ,integration testing nmap cad modeling
1698,Team ۢ,integration testing monitoring metasploit
1699,Team ۣ,haskell xcode reinforcement learning
1700,Team ۤ,arduino svelte speech recognition
1701,Team ۥ,gitlab ci notion java (android)
1702,Team ۦ,signal processing database flutter
1703,Team ۧ,infrastructure as code cloudfront application security
1704,Team ۨ,app store javascript spring boot
1705,Team ۩,version control excel cryptography
1706,Team ۪,performance optimization anomaly detection git
1707,Team ۫,unsupervised learning airflow proxy servers
1708,Team ۬,data governance gitlab ci system monitoring
1709,Team ۭ,play store cloudfront grafana
1710,Team ۮ,information security route53 langchain
1711,Team ۯ,forensics perl python
1712,Team ۰,matplotlib scikit-learn data governance
1713,Team ۱,data asp.net api integration
1714,Team ۲,ddos protection rust tcp/ip
1715,Team ۳,matlab innovation data preprocessing
1716,Team ۴,matplotlib functional programming kubernetes
1717,Team ۵,ubuntu postman siem
1718,Team ۶,electronics cypress software architecture
1719,Team ۷,splunk anomaly detection serverless
1720,Team ۸,express security nodejs
1721,Team ۹,dart siem serverless
1722,Team ۺ,hadoop debugging lua
1723,Team ۻ,kubernetes unsupervised learning matlab
1724,Team ۼ,api integration openai api iot
1725,Team ۽,php recommendation systems plc
1726,Team ۾,tailwind ansible agile
1727,Team ۿ,ssl cloud storage react
1728,Team ܀,code review prometheus web performance
1729,Team ܁,zero trust kubernetes snowflake
1730,Team ܂,in-app payments nosql communication systems
1731,Team ܃,anomaly detection mechanical design grafana
1732,Team ܄,bootstrap java autocad
1733,Team ܅,in-app payments arduino go
1734,Team ܆,generative ai ethical hacking prometheus
1735,Team ܇,supervised learning penetration testing mechanical design
1736,Team ܈,mocha ddos protection penetration testing
1737,Team ܉,tailwind pandas sql
1738,Team ܊,sql mobile ui bootstrap
1739,Team ܋,predictive modeling data pipelines tls
1740,Team ܌,flask push notifications virtualization
1741,Team ܍,cybersecurity ai php
1742,Team ܎,scikit-learn java (android) cad modeling
1743,Team ܏,agile pytorch mobile ui
1744,Team ܐ,sql kanban raspberry pi
1745,Team ܑ,ui prometheus pytorch
1746,Team ܒ,etl new relic mobile ui
1747,Team ܓ,api integration vulnerability scanning trello
1748,Team ܔ,version control kanban vite
1749,Team ܕ,data preprocessing machine learning api development
1750,Team ܖ,scikit-learn mobile ui express
1751,Team ܗ,load balancing system design functional programming
1752,Team ܘ,speech recognition splunk monday
1753,Team ܙ,problem solving research gcp
1754,Team ܚ,github cross-browser testing frontend
1755,Team ܛ,seaborn mocha zero trust
1756,Team ܜ,api development gitkraken css
1757,Team ܝ,data lakehouse regression anomaly detection
1758,Team ܞ,html grafana computer vision
1759,Team ܟ,sonarqube accessibility gitlab ci
1760,Team ܠ,predictive analytics vhdl data warehousing
1761,Team ܡ,unit testing vpc predictive analytics
1762,Team ܢ,autocad react native bash scripting
1763,Team ܣ,metasploit file systems network security
1764,Team ܤ,etl innovation scala
1765,Team ܥ,dart lua model deployment
1766,Team ܦ,penetration testing neural networks robotics
1767,Team ܧ,c speech recognition classification
1768,Team ܨ,functional programming vue hyperparameter tuning
1769,Team ܩ,scada functional programming huggingface
1770,Team ܪ,vue nmap php
1771,Team ܫ,autocad zero trust graphql
1772,Team ܬ,data wrangling gitkraken notion
1773,Team ܭ,security unit testing embedded systems
1774,Team ܮ,cloud storage machine learning load balancing
1775,Team ܯ,anomaly detection bootstrap information security
1776,Team ܰ,perl autoscaling ec2
1777,Team ܱ,c++ ux network security
1778,Team ܲ,descriptive analytics probability powershell
1779,Team ܳ,eclipse critical thinking network security
1780,Team ܴ,cypress swift jest
1781,Team ܵ,ui solidworks kotlin
1782,Team ܶ,aws openai api gitlab ci
1783,Team ܷ,data database wireshark
1784,Team ܸ,chatbot haskell java (android)
1785,Team ܹ,lambda terraform sass
1786,Team ܺ,bash monitoring aws
1787,Team ܻ,cybersecurity gitlab seaborn
1788,Team ܼ,software engineering artifact registry new relic
1789,Team ܽ,reinforcement learning openai api scala
1790,Team ܾ,data mining kubernetes robotics
1791,Team ܿ,app store verilog cloudfront
1792,Team ݀,c# api c
1793,Team ݁,monitoring graphql embedded systems
1794,Team ݂,speech recognition airflow descriptive analytics
1795,Team ݃,matlab autoscaling ids
1796,Team ݄,big data frontend app store
1797,Team ݅,anomaly detection gcp team collaboration
1798,Team ݆,dns arduino reinforcement learning
1799,Team ݇,data analysis electronics apache spark
1800,Team ݈,typescript computer vision airflow
1801,Team ݉,research app store virtualization
1802,Team ݊,load balancing tableau api
1803,Team ݋,wireshark siem iot
1804,Team ݌,tableau devops matplotlib
1805,Team ݍ,cloud storage descriptive analytics accessibility
1806,Team ݎ,transfer learning data modeling network security
1807,Team ݏ,frontend nmap vhdl
1808,Team ݐ,ips snowflake unit testing
1809,Team ݑ,process management ddos protection solidworks
1810,Team ݒ,ruby tailwind asp.net
1811,Team ݓ,spring boot huggingface kafka
1812,Team ݔ,research devops storage management
1813,Team ݕ,jenkins troubleshooting raspberry pi
1814,Team ݖ,typescript proxmox incident response
1815,Team ݗ,github actions classification signal processing
1816,Team ݘ,slack design patterns php
1817,Team ݙ,web performance php typescript
1818,Team ݚ,supervised learning clustering integration testing
1819,Team ݛ,dns windows server tailwind
1820,Team ݜ,api development release management vhdl
1821,Team ݝ,scrum anomaly detection llm
1822,Team ݞ,backend probability apache spark
1823,Team ݟ,code review forensics cad modeling
1824,Team ݠ,elasticsearch dart go
1825,Team ݡ,data lakes model deployment wireshark
1826,Team ݢ,ubuntu elasticsearch verilog
1827,Team ݣ,troubleshooting backend aws
1828,Team ݤ,mocha infrastructure as code dotnet
1829,Team ݥ,regression storage management nestjs
1830,Team ݦ,code review ai ethics vite
1831,Team ݧ,serverless spring boot scikit-learn
1832,Team ݨ,php devops kotlin
1833,Team ݩ,cross-browser testing matplotlib tensorflow
1834,Team ݪ,time series analysis api development haskell
1835,Team ݫ,tableau dotnet storage management
1836,Team ݬ,software architecture test automation tls
1837,Team ݭ,problem solving virtualization ci/cd
1838,Team ݮ,c# ansible security
1839,Team ݯ,probability artifact registry asp.net
1840,Team ݰ,routing postman design
1841,Team ݱ,data modeling excel predictive analytics
1842,Team ݲ,web performance software architecture python
1843,Team ݳ,leadership react native airflow
1844,Team ݴ,bash scripting in-app payments web security
1845,Team ݵ,gitlab github actions tailwind
1846,Team ݶ,jira sass vmware
1847,Team ݷ,matlab control systems bash scripting
1848,Team ݸ,scrum notion tailwind
1849,Team ݹ,system monitoring load balancing xcode
1850,Team ݺ,docker desktop play store image processing
1851,Team ݻ,mobile ui vscode nodejs
1852,Team ݼ,full stack predictive modeling vpn
1853,Team ݽ,serverless big data data preprocessing
1854,Team ݾ,metasploit data labeling perl
1855,Team ݿ,etl routing logging
1856,Team ހ,accessibility typescript speech recognition
1857,Team ށ,industrial automation api integration haskell
1858,Team ނ,asp.net api integration proxy servers
1859,Team ރ,cron jobs google cloud team collaboration
1860,Team ބ,regression postman angular
1861,Team ޅ,airflow mocha elasticsearch
1862,Team ކ,huggingface sass trello
1863,Team އ,data mining webpack php
1864,Team ވ,frontend speech recognition big data
1865,Team މ,confluence ips nosql
1866,Team ފ,big data nestjs vpn
1867,Team ދ,graphql communication systems vpn
1868,Team ތ,nosql ids data labeling
1869,Team ލ,visual studio splunk docker desktop
1870,Team ގ,signal processing gitops predictive modeling
1871,Team ޏ,kanban go agile
1872,Team ސ,accessibility scrum scikit-learn
1873,Team ޑ,agile git transfer learning
1874,Team ޒ,r nosql miro
1875,Team ޓ,mobile testing predictive modeling electronics
1876,Team ޔ,nmap mocha model optimization
1877,Team ޕ,dotnet cryptography vpc
1878,Team ޖ,api integration backend tensorflow
1879,Team ޗ,logging software architecture docker desktop
1880,Team ޘ,perl storage management raspberry pi
1881,Team ޙ,simulation vite api development
1882,Team ޚ,helm integration testing computer vision
1883,Team ޛ,performance optimization neural networks linux
1884,Team ޜ,soc confluence data mining
1885,Team ޝ,dhcp regression airflow
1886,Team ޞ,api integration elasticsearch vite
1887,Team ޟ,api integration fastapi control systems
1888,Team ޠ,design patterns monday bdd
1889,Team ޡ,php regression redux
1890,Team ޢ,numpy communication systems integration testing
1891,Team ޣ,cryptography nlp pair programming
1892,Team ޤ,generative ai transfer learning typescript
1893,Team ޥ,transfer learning monitoring ddos protection
1894,Team ަ,notion big data control systems
1895,Team ާ,speech recognition android studio process management
1896,Team ި,dhcp robotics unit testing
1897,Team ީ,seaborn shell scripting industrial automation
1898,Team ު,ui data mining mlops
1899,Team ޫ,proxmox database mobile security
1900,Team ެ,miro release management zero trust
1901,Team ޭ,data lakes cypress artifact registry
1902,Team ޮ,ips troubleshooting cross-browser testing
1903,Team ޯ,unsupervised learning infrastructure as code arduino
1904,Team ް,tableau firebase slack
1905,Team ޱ,scikit-learn data preprocessing sonarqube
1906,Team ޲,regression matlab datadog
1907,Team ޳,redux logging deep learning
1908,Team ޴,nosql php database
1909,Team ޵,computer vision gitlab github actions
1910,Team ޶,etl scala data lakehouse
1911,Team ޷,tdd matlab jest
1912,Team ޸,scrum application security software engineering
1913,Team ޹,github actions functional programming ips
1914,Team ޺,python encryption data labeling
1915,Team ޻,microservices industrial automation presentation
1916,Team ޼,excel grafana data lakes
1917,Team ޽,software architecture release management virtualization
1918,Team ޾,solidworks scala java (android)
1919,Team ޿,reinforcement learning application security python
1920,Team ߀,monitoring computer vision verilog
1921,Team ߁,data mining neural networks ddos protection
1922,Team ߂,predictive analytics app store c++
1923,Team ߃,database nlp model evaluation
1924,Team ߄,network security android studio git
1925,Team ߅,reinforcement learning frontend debugging
1926,Team ߆,datadog jest forensics
1927,Team ߇,data modeling network security snowflake
1928,Team ߈,huggingface github time series analysis
1929,Team ߉,nmap typescript typescript
1930,Team ߊ,wireshark r ai
1931,Team ߋ,agile snowflake mocha
1932,Team ߌ,classification responsive design frontend
1933,Team ߍ,ui debugging switching
1934,Team ߎ,speech recognition ci/cd zero trust
1935,Team ߏ,selenium cron jobs data
1936,Team ߐ,ssl lua performance optimization
1937,Team ߑ,mechanical design application security cross-browser testing
1938,Team ߒ,bash scripting java intellij
1939,Team ߓ,unit testing backend redux
1940,Team ߔ,model evaluation llm monday
1941,Team ߕ,gitlab transfer learning s3
1942,Team ߖ,forensics kafka keras
1943,Team ߗ,code review infrastructure as code encryption
1944,Team ߘ,signal processing arduino in-app payments
1945,Team ߙ,incident response css rust
1946,Team ߚ,swift zero trust signal processing
1947,Team ߛ,terraform data pipelines javascript
1948,Team ߜ,ips reinforcement learning matlab
1949,Team ߝ,django r cloud storage
1950,Team ߞ,network architecture cron jobs functional programming
1951,Team ߟ,ruby spring boot ddos protection
1952,Team ߠ,ethical hacking network architecture classification
1953,Team ߡ,azure communication systems slack
1954,Team ߢ,mobile security data forensics
1955,Team ߣ,tableau image processing dhcp
1956,Team ߤ,babel firewall ai ethics
1957,Team ߥ,communication systems kubernetes azure
1958,Team ߦ,probability software architecture big data
1959,Team ߧ,load balancing google cloud ssl
1960,Team ߨ,scala artifact registry network architecture
1961,Team ߩ,lua data python
1962,Team ߪ,mobile testing api express
1963,Team ߫,full stack system monitoring etl
1964,Team ߬,project management gcp web performance
1965,Team ߭,postman figma anomaly detection
1966,Team ߮,mobile testing electronics matplotlib
1967,Team ߯,kafka deep learning github actions
1968,Team ߰,jira mocha asp.net
1969,Team ߱,web security lua macos
1970,Team ߲,bash scripting visual studio route53
1971,Team ߳,transfer learning s3 php
1972,Team ߴ,virtualbox react native babel
1973,Team ߵ,css ui excel
1974,Team ߶,agile graphql process management
1975,Team ߷,keras control systems windows server
1976,Team ߸,gcp data labeling critical thinking
1977,Team ߹,s3 data visualization soc
1978,Team ߺ,transfer learning airflow jira
1979,Team ߻,api integration react native leadership
1980,Team ߼,data wrangling data modeling automation
1981,Team ߽,software engineering pytorch nestjs
1982,Team ߾,classification babel linux
1983,Team ߿,matplotlib arduino php
1984,Team ࠀ,mobile ui mlops tailwind
1985,Team ࠁ,gitops windows server scala
1986,Team ࠂ,huggingface vue dart
1987,Team ࠃ,macos verilog keras
1988,Team ࠄ,confluence asp.net tensorflow
1989,Team ࠅ,api integration mobile security cloudfront
1990,Team ࠆ,full stack team collaboration api development
1991,Team ࠇ,deep learning kubernetes security
1992,Team ࠈ,accessibility nmap lambda
1993,Team ࠉ,vmware svelte siem
1994,Team ࠊ,predictive analytics keras css
1995,Team ࠋ,flask babel proxmox
1996,Team ࠌ,postman xcode image processing
1997,Team ࠍ,system design langchain gcp
1998,Team ࠎ,cloud storage grafana artifact registry
1999,Team ࠏ,firewall unsupervised learning pair programming
2000,Team ࠐ,api nmap unsupervised learning
